CUST_NUM,MTH,TARIFF_OPTION,AMT_PF
10000,10,PROMO_TO,150.00
10021,8,PROMO_TO,600.00
10021,9,PROMO_TO,400.00
10021,10,PROMO_TO,1500.00
10031,9,PROMO_TO,300.00
10033,8,PROMO_TO,200.00
10069,10,PROMO_TO,550.00
10070,8,PROMO_TO,400.00
10070,9,PROMO_TO,400.00
10070,10,PROMO_TO,550.00
10116,10,PROMO_TO,150.00
10154,10,PROMO_TO,750.00
10157,8,PROMO_TO,200.00
10157,9,PROMO_TO,200.00
10157,10,PROMO_TO,200.00
10164,8,PROMO_TO,1100.00
10164,9,PROMO_TO,1100.00
10164,10,PROMO_TO,1100.00
10170,9,PROMO_TO,200.00
10170,10,PROMO_TO,200.00
10186,10,PROMO_TO,550.00
10226,8,PROMO_TO,200.00
10226,9,PROMO_TO,200.00
10226,10,PROMO_TO,550.00
10269,10,PROMO_TO,1100.00
10300,10,PROMO_TO,250.00
10306,8,PROMO_TO,200.00
10306,9,PROMO_TO,200.00
10306,10,PROMO_TO,200.00
10434,8,PROMO_TO,400.00
10434,9,PROMO_TO,200.00
10434,10,PROMO_TO,200.00
10435,8,PROMO_TO,750.00
10435,9,PROMO_TO,900.00
10435,10,PROMO_TO,600.00
10457,8,PROMO_TO,200.00
10457,10,PROMO_TO,200.00
10489,8,PROMO_TO,1750.00
10489,9,PROMO_TO,1750.00
10489,10,PROMO_TO,1150.00
1050,8,PROMO_TO,200.00
1050,9,PROMO_TO,200.00
10503,10,PROMO_TO,250.00
10532,9,PROMO_TO,550.00
10532,10,PROMO_TO,550.00
10556,9,PROMO_TO,350.00
10557,8,PROMO_TO,600.00
10557,10,PROMO_TO,200.00
10572,10,PROMO_TO,250.00
10578,8,PROMO_TO,350.00
10578,9,PROMO_TO,350.00
10656,10,PROMO_TO,550.00
10657,8,PROMO_TO,550.00
10659,10,PROMO_TO,400.00
1068,10,PROMO_TO,200.00
10694,10,PROMO_TO,550.00
10703,10,PROMO_TO,250.00
10714,8,PROMO_TO,550.00
10714,9,PROMO_TO,1100.00
10714,10,PROMO_TO,550.00
10755,9,PROMO_TO,200.00
10766,9,PROMO_TO,200.00
10768,8,PROMO_TO,350.00
10768,10,PROMO_TO,350.00
1083,8,PROMO_TO,200.00
1083,10,PROMO_TO,200.00
10854,8,PROMO_TO,550.00
10854,9,PROMO_TO,550.00
10854,10,PROMO_TO,1100.00
10904,9,PROMO_TO,200.00
10960,9,PROMO_TO,200.00
10960,10,PROMO_TO,200.00
10967,8,PROMO_TO,550.00
1100,8,PROMO_TO,350.00
1100,9,PROMO_TO,350.00
1100,10,PROMO_TO,350.00
11004,8,PROMO_TO,350.00
11007,8,PROMO_TO,200.00
11007,9,PROMO_TO,400.00
11031,9,PROMO_TO,200.00
11040,8,PROMO_TO,550.00
11076,8,PROMO_TO,300.00
11076,9,PROMO_TO,300.00
11087,8,PROMO_TO,200.00
11087,9,PROMO_TO,200.00
11087,10,PROMO_TO,200.00
11133,9,PROMO_TO,200.00
11134,8,PROMO_TO,150.00
11172,8,PROMO_TO,200.00
11172,9,PROMO_TO,200.00
11172,10,PROMO_TO,200.00
11212,8,PROMO_TO,350.00
11212,10,PROMO_TO,350.00
1122,9,PROMO_TO,1650.00
1122,10,PROMO_TO,500.00
11225,8,PROMO_TO,350.00
11225,9,PROMO_TO,350.00
11225,10,PROMO_TO,350.00
11233,8,PROMO_TO,550.00
11233,9,PROMO_TO,550.00
11233,10,PROMO_TO,550.00
1126,10,PROMO_TO,200.00
11264,8,PROMO_TO,550.00
11264,9,PROMO_TO,550.00
11264,10,PROMO_TO,550.00
11282,8,PROMO_TO,200.00
11285,9,PROMO_TO,550.00
11285,10,PROMO_TO,550.00
11290,8,PROMO_TO,250.00
11315,8,PROMO_TO,550.00
11315,9,PROMO_TO,550.00
11326,9,PROMO_TO,350.00
11326,10,PROMO_TO,350.00
1135,8,PROMO_TO,350.00
1135,9,PROMO_TO,350.00
11356,8,PROMO_TO,350.00
11356,9,PROMO_TO,350.00
1136,8,PROMO_TO,350.00
1136,9,PROMO_TO,700.00
11407,8,PROMO_TO,550.00
11407,9,PROMO_TO,550.00
11418,8,PROMO_TO,150.00
11422,8,PROMO_TO,200.00
11422,9,PROMO_TO,200.00
11422,10,PROMO_TO,200.00
11435,9,PROMO_TO,200.00
11435,10,PROMO_TO,250.00
1144,8,PROMO_TO,600.00
1144,9,PROMO_TO,200.00
1144,10,PROMO_TO,1100.00
11456,9,PROMO_TO,200.00
11456,10,PROMO_TO,200.00
11466,8,PROMO_TO,350.00
11466,9,PROMO_TO,350.00
11487,8,PROMO_TO,550.00
11487,9,PROMO_TO,550.00
11504,8,PROMO_TO,200.00
11504,9,PROMO_TO,200.00
11504,10,PROMO_TO,200.00
11540,10,PROMO_TO,350.00
11541,9,PROMO_TO,200.00
11541,10,PROMO_TO,200.00
11554,8,PROMO_TO,200.00
11554,9,PROMO_TO,200.00
11554,10,PROMO_TO,200.00
11572,10,PROMO_TO,200.00
11589,8,PROMO_TO,350.00
11589,9,PROMO_TO,350.00
11589,10,PROMO_TO,1450.00
11608,8,PROMO_TO,1500.00
11608,9,PROMO_TO,1500.00
11608,10,PROMO_TO,250.00
11636,8,PROMO_TO,350.00
11636,9,PROMO_TO,350.00
11636,10,PROMO_TO,1800.00
11637,10,PROMO_TO,350.00
11783,9,PROMO_TO,550.00
11783,10,PROMO_TO,550.00
11846,8,PROMO_TO,200.00
11846,9,PROMO_TO,200.00
11866,8,PROMO_TO,300.00
11976,8,PROMO_TO,1100.00
11976,9,PROMO_TO,1100.00
1200,8,PROMO_TO,400.00
1200,9,PROMO_TO,400.00
1200,10,PROMO_TO,200.00
12009,8,PROMO_TO,200.00
12009,9,PROMO_TO,200.00
12009,10,PROMO_TO,550.00
12067,8,PROMO_TO,200.00
12102,8,PROMO_TO,200.00
12102,10,PROMO_TO,400.00
12104,9,PROMO_TO,200.00
12118,8,PROMO_TO,1500.00
12118,9,PROMO_TO,1500.00
12118,10,PROMO_TO,1500.00
12126,8,PROMO_TO,350.00
12126,9,PROMO_TO,350.00
12126,10,PROMO_TO,350.00
12137,8,PROMO_TO,350.00
12137,9,PROMO_TO,350.00
12137,10,PROMO_TO,350.00
12144,8,PROMO_TO,2750.00
12144,9,PROMO_TO,1650.00
12144,10,PROMO_TO,1100.00
12146,8,PROMO_TO,1100.00
12146,9,PROMO_TO,550.00
12168,8,PROMO_TO,1100.00
12168,9,PROMO_TO,1100.00
12168,10,PROMO_TO,1100.00
12197,8,PROMO_TO,200.00
12198,8,PROMO_TO,150.00
12198,9,PROMO_TO,300.00
12198,10,PROMO_TO,150.00
122,8,PROMO_TO,450.00
122,9,PROMO_TO,450.00
122,10,PROMO_TO,1000.00
12266,8,PROMO_TO,200.00
12266,9,PROMO_TO,200.00
12266,10,PROMO_TO,200.00
12278,8,PROMO_TO,350.00
12278,9,PROMO_TO,350.00
12278,10,PROMO_TO,350.00
12307,8,PROMO_TO,350.00
12307,9,PROMO_TO,700.00
12373,9,PROMO_TO,200.00
12394,10,PROMO_TO,200.00
12400,8,PROMO_TO,250.00
12400,9,PROMO_TO,250.00
12400,10,PROMO_TO,500.00
12409,8,PROMO_TO,550.00
12409,9,PROMO_TO,550.00
12423,8,PROMO_TO,300.00
12526,8,PROMO_TO,400.00
12526,9,PROMO_TO,200.00
12526,10,PROMO_TO,200.00
12534,8,PROMO_TO,200.00
12534,9,PROMO_TO,200.00
12534,10,PROMO_TO,200.00
1254,8,PROMO_TO,1500.00
1254,9,PROMO_TO,1500.00
1254,10,PROMO_TO,1500.00
12540,8,PROMO_TO,350.00
12540,9,PROMO_TO,350.00
12571,9,PROMO_TO,150.00
12600,9,PROMO_TO,350.00
12607,8,PROMO_TO,200.00
12607,9,PROMO_TO,200.00
12607,10,PROMO_TO,200.00
12609,8,PROMO_TO,350.00
12609,9,PROMO_TO,350.00
12609,10,PROMO_TO,350.00
12621,9,PROMO_TO,200.00
12621,10,PROMO_TO,450.00
12700,8,PROMO_TO,1500.00
12700,9,PROMO_TO,1500.00
12705,8,PROMO_TO,550.00
12705,9,PROMO_TO,550.00
12705,10,PROMO_TO,550.00
1274,8,PROMO_TO,200.00
1274,9,PROMO_TO,200.00
1274,10,PROMO_TO,450.00
12774,8,PROMO_TO,550.00
128,8,PROMO_TO,200.00
128,9,PROMO_TO,200.00
128,10,PROMO_TO,200.00
12832,8,PROMO_TO,200.00
12832,10,PROMO_TO,200.00
12883,8,PROMO_TO,200.00
12883,9,PROMO_TO,200.00
12883,10,PROMO_TO,200.00
12896,8,PROMO_TO,1100.00
12896,9,PROMO_TO,1100.00
12982,8,PROMO_TO,1800.00
12982,9,PROMO_TO,1200.00
12982,10,PROMO_TO,1200.00
13,9,PROMO_TO,150.00
13008,8,PROMO_TO,550.00
13008,9,PROMO_TO,550.00
13143,8,PROMO_TO,550.00
13143,9,PROMO_TO,550.00
13175,8,PROMO_TO,300.00
13203,8,PROMO_TO,700.00
13203,9,PROMO_TO,350.00
13203,10,PROMO_TO,700.00
1323,8,PROMO_TO,350.00
1323,9,PROMO_TO,350.00
1324,8,PROMO_TO,200.00
13269,9,PROMO_TO,200.00
13269,10,PROMO_TO,350.00
13297,8,PROMO_TO,550.00
13297,9,PROMO_TO,550.00
13297,10,PROMO_TO,1100.00
1334,8,PROMO_TO,200.00
1334,9,PROMO_TO,200.00
1334,10,PROMO_TO,200.00
1335,8,PROMO_TO,200.00
1335,9,PROMO_TO,200.00
1335,10,PROMO_TO,200.00
13351,8,PROMO_TO,350.00
13351,9,PROMO_TO,700.00
13353,9,PROMO_TO,400.00
13353,10,PROMO_TO,200.00
13461,9,PROMO_TO,550.00
13461,10,PROMO_TO,550.00
13481,10,PROMO_TO,200.00
13521,10,PROMO_TO,550.00
13536,8,PROMO_TO,800.00
13536,9,PROMO_TO,2000.00
13536,10,PROMO_TO,1600.00
13593,8,PROMO_TO,200.00
13593,10,PROMO_TO,200.00
13606,9,PROMO_TO,200.00
13638,8,PROMO_TO,1100.00
13638,9,PROMO_TO,1100.00
13638,10,PROMO_TO,1100.00
13645,8,PROMO_TO,200.00
13645,9,PROMO_TO,200.00
13645,10,PROMO_TO,250.00
13688,8,PROMO_TO,350.00
13688,9,PROMO_TO,350.00
13688,10,PROMO_TO,350.00
13697,10,PROMO_TO,1100.00
1374,8,PROMO_TO,1100.00
1374,9,PROMO_TO,1100.00
1374,10,PROMO_TO,1100.00
13829,8,PROMO_TO,200.00
13829,9,PROMO_TO,200.00
13829,10,PROMO_TO,200.00
13854,8,PROMO_TO,550.00
13854,9,PROMO_TO,550.00
13868,9,PROMO_TO,200.00
13868,10,PROMO_TO,350.00
13944,8,PROMO_TO,600.00
13944,9,PROMO_TO,900.00
13944,10,PROMO_TO,450.00
13989,8,PROMO_TO,200.00
13989,9,PROMO_TO,200.00
14012,8,PROMO_TO,1100.00
14012,9,PROMO_TO,1100.00
14012,10,PROMO_TO,1100.00
14040,8,PROMO_TO,200.00
14040,9,PROMO_TO,200.00
14040,10,PROMO_TO,400.00
14093,8,PROMO_TO,550.00
14093,9,PROMO_TO,550.00
14093,10,PROMO_TO,1650.00
14104,8,PROMO_TO,200.00
14104,9,PROMO_TO,200.00
14104,10,PROMO_TO,250.00
1418,9,PROMO_TO,300.00
1418,10,PROMO_TO,150.00
14182,8,PROMO_TO,1100.00
14182,9,PROMO_TO,1100.00
14182,10,PROMO_TO,1100.00
14294,10,PROMO_TO,500.00
14308,10,PROMO_TO,250.00
14321,10,PROMO_TO,250.00
14375,10,PROMO_TO,250.00
14385,9,PROMO_TO,200.00
1441,8,PROMO_TO,200.00
1441,9,PROMO_TO,200.00
1441,10,PROMO_TO,750.00
14466,8,PROMO_TO,350.00
14466,9,PROMO_TO,700.00
14466,10,PROMO_TO,350.00
14481,8,PROMO_TO,1100.00
14481,9,PROMO_TO,1100.00
14481,10,PROMO_TO,1100.00
14505,8,PROMO_TO,400.00
14505,10,PROMO_TO,200.00
14561,8,PROMO_TO,200.00
14561,9,PROMO_TO,200.00
14561,10,PROMO_TO,550.00
14625,8,PROMO_TO,350.00
14631,8,PROMO_TO,1100.00
14631,9,PROMO_TO,1100.00
14631,10,PROMO_TO,1500.00
14655,8,PROMO_TO,350.00
14663,8,PROMO_TO,150.00
14678,8,PROMO_TO,550.00
14678,9,PROMO_TO,550.00
14678,10,PROMO_TO,550.00
14699,8,PROMO_TO,550.00
14737,9,PROMO_TO,350.00
14767,8,PROMO_TO,150.00
14822,8,PROMO_TO,300.00
14822,9,PROMO_TO,300.00
14822,10,PROMO_TO,850.00
14824,9,PROMO_TO,550.00
14845,8,PROMO_TO,200.00
14885,8,PROMO_TO,700.00
14885,9,PROMO_TO,700.00
14885,10,PROMO_TO,2200.00
14911,9,PROMO_TO,550.00
14920,10,PROMO_TO,150.00
14958,10,PROMO_TO,200.00
15062,10,PROMO_TO,550.00
1508,8,PROMO_TO,550.00
1508,9,PROMO_TO,550.00
1508,10,PROMO_TO,550.00
15088,8,PROMO_TO,550.00
15088,9,PROMO_TO,550.00
1511,8,PROMO_TO,200.00
15200,10,PROMO_TO,200.00
1522,8,PROMO_TO,550.00
15250,10,PROMO_TO,800.00
15260,8,PROMO_TO,200.00
15260,9,PROMO_TO,200.00
15260,10,PROMO_TO,250.00
15277,9,PROMO_TO,1100.00
15277,10,PROMO_TO,1100.00
15307,8,PROMO_TO,550.00
15307,10,PROMO_TO,550.00
15389,10,PROMO_TO,350.00
15396,10,PROMO_TO,250.00
15410,10,PROMO_TO,250.00
15424,10,PROMO_TO,250.00
15434,9,PROMO_TO,250.00
1544,9,PROMO_TO,200.00
15463,8,PROMO_TO,200.00
15463,9,PROMO_TO,200.00
15463,10,PROMO_TO,200.00
15471,9,PROMO_TO,200.00
15510,8,PROMO_TO,450.00
15510,9,PROMO_TO,150.00
1555,10,PROMO_TO,150.00
15568,9,PROMO_TO,1500.00
15588,8,PROMO_TO,550.00
15588,9,PROMO_TO,550.00
15637,8,PROMO_TO,1100.00
1566,10,PROMO_TO,400.00
1567,8,PROMO_TO,400.00
1567,9,PROMO_TO,400.00
1567,10,PROMO_TO,200.00
15674,9,PROMO_TO,1100.00
157,9,PROMO_TO,350.00
157,10,PROMO_TO,350.00
15784,8,PROMO_TO,200.00
15804,8,PROMO_TO,200.00
15804,9,PROMO_TO,200.00
15804,10,PROMO_TO,200.00
15820,9,PROMO_TO,200.00
15864,8,PROMO_TO,350.00
15864,9,PROMO_TO,350.00
15867,8,PROMO_TO,200.00
15867,9,PROMO_TO,400.00
15880,9,PROMO_TO,200.00
15886,8,PROMO_TO,200.00
15886,9,PROMO_TO,200.00
15886,10,PROMO_TO,200.00
15958,8,PROMO_TO,600.00
15958,9,PROMO_TO,200.00
15958,10,PROMO_TO,200.00
15963,8,PROMO_TO,550.00
15963,9,PROMO_TO,550.00
15963,10,PROMO_TO,550.00
15974,8,PROMO_TO,550.00
16072,10,PROMO_TO,750.00
16155,8,PROMO_TO,400.00
16155,10,PROMO_TO,200.00
16218,10,PROMO_TO,250.00
16238,8,PROMO_TO,550.00
16302,8,PROMO_TO,350.00
16302,9,PROMO_TO,350.00
16302,10,PROMO_TO,350.00
16322,10,PROMO_TO,200.00
16342,9,PROMO_TO,350.00
16354,8,PROMO_TO,350.00
16354,9,PROMO_TO,350.00
16513,8,PROMO_TO,200.00
16513,10,PROMO_TO,200.00
16530,8,PROMO_TO,350.00
16631,8,PROMO_TO,200.00
16655,10,PROMO_TO,550.00
16748,8,PROMO_TO,200.00
16748,9,PROMO_TO,200.00
16758,9,PROMO_TO,550.00
16758,10,PROMO_TO,550.00
16774,10,PROMO_TO,1100.00
16791,8,PROMO_TO,350.00
16791,9,PROMO_TO,1400.00
16791,10,PROMO_TO,350.00
16836,8,PROMO_TO,200.00
16836,10,PROMO_TO,250.00
16865,8,PROMO_TO,200.00
16865,9,PROMO_TO,400.00
16865,10,PROMO_TO,200.00
16872,9,PROMO_TO,550.00
16872,10,PROMO_TO,550.00
16881,10,PROMO_TO,200.00
16962,8,PROMO_TO,150.00
17041,10,PROMO_TO,250.00
17048,8,PROMO_TO,1100.00
17048,9,PROMO_TO,1100.00
17072,10,PROMO_TO,250.00
17101,8,PROMO_TO,200.00
17101,9,PROMO_TO,200.00
17101,10,PROMO_TO,200.00
17175,8,PROMO_TO,1200.00
17175,9,PROMO_TO,3200.00
17175,10,PROMO_TO,400.00
1728,8,PROMO_TO,550.00
1728,9,PROMO_TO,550.00
17285,8,PROMO_TO,200.00
17285,9,PROMO_TO,200.00
17285,10,PROMO_TO,200.00
17323,8,PROMO_TO,200.00
17323,9,PROMO_TO,200.00
17323,10,PROMO_TO,350.00
17352,8,PROMO_TO,700.00
17352,9,PROMO_TO,700.00
17352,10,PROMO_TO,2200.00
17375,8,PROMO_TO,550.00
17375,9,PROMO_TO,550.00
17375,10,PROMO_TO,550.00
17392,8,PROMO_TO,1100.00
17392,9,PROMO_TO,1100.00
17392,10,PROMO_TO,1100.00
17394,10,PROMO_TO,250.00
17401,8,PROMO_TO,350.00
17401,9,PROMO_TO,350.00
17401,10,PROMO_TO,350.00
17403,8,PROMO_TO,750.00
17403,9,PROMO_TO,750.00
17403,10,PROMO_TO,1250.00
17548,8,PROMO_TO,700.00
17548,9,PROMO_TO,350.00
1757,8,PROMO_TO,1100.00
1757,10,PROMO_TO,1100.00
1759,9,PROMO_TO,200.00
1759,10,PROMO_TO,200.00
17602,8,PROMO_TO,450.00
17602,9,PROMO_TO,600.00
17602,10,PROMO_TO,300.00
17651,10,PROMO_TO,350.00
17675,9,PROMO_TO,550.00
17702,8,PROMO_TO,350.00
17702,9,PROMO_TO,350.00
17702,10,PROMO_TO,350.00
1773,8,PROMO_TO,400.00
1773,9,PROMO_TO,200.00
1773,10,PROMO_TO,200.00
1774,8,PROMO_TO,750.00
1774,9,PROMO_TO,1000.00
1774,10,PROMO_TO,1000.00
17743,8,PROMO_TO,200.00
17743,10,PROMO_TO,200.00
17782,8,PROMO_TO,550.00
17782,9,PROMO_TO,550.00
17782,10,PROMO_TO,1100.00
17804,8,PROMO_TO,1100.00
17804,9,PROMO_TO,2200.00
17804,10,PROMO_TO,1100.00
17806,9,PROMO_TO,200.00
17917,10,PROMO_TO,550.00
17921,8,PROMO_TO,350.00
17921,9,PROMO_TO,350.00
17936,9,PROMO_TO,350.00
17993,10,PROMO_TO,1100.00
18,9,PROMO_TO,700.00
18002,8,PROMO_TO,150.00
18002,10,PROMO_TO,600.00
18009,8,PROMO_TO,1100.00
18009,9,PROMO_TO,550.00
18009,10,PROMO_TO,550.00
18075,9,PROMO_TO,500.00
18084,8,PROMO_TO,200.00
18084,9,PROMO_TO,600.00
18084,10,PROMO_TO,200.00
1813,8,PROMO_TO,400.00
1813,9,PROMO_TO,200.00
1813,10,PROMO_TO,200.00
1814,8,PROMO_TO,550.00
1814,9,PROMO_TO,1100.00
1814,10,PROMO_TO,550.00
18153,9,PROMO_TO,350.00
18153,10,PROMO_TO,350.00
18165,8,PROMO_TO,550.00
18165,10,PROMO_TO,550.00
18168,8,PROMO_TO,350.00
18168,9,PROMO_TO,350.00
18168,10,PROMO_TO,350.00
1817,10,PROMO_TO,350.00
1824,8,PROMO_TO,200.00
1824,9,PROMO_TO,200.00
1824,10,PROMO_TO,200.00
18282,9,PROMO_TO,350.00
18282,10,PROMO_TO,350.00
18283,8,PROMO_TO,450.00
18283,9,PROMO_TO,450.00
18283,10,PROMO_TO,1400.00
18318,8,PROMO_TO,350.00
18318,9,PROMO_TO,350.00
1858,8,PROMO_TO,200.00
1858,9,PROMO_TO,200.00
1858,10,PROMO_TO,200.00
18675,8,PROMO_TO,200.00
18675,9,PROMO_TO,200.00
18675,10,PROMO_TO,200.00
18963,8,PROMO_TO,600.00
18963,9,PROMO_TO,200.00
18963,10,PROMO_TO,200.00
18972,8,PROMO_TO,150.00
18972,9,PROMO_TO,150.00
19009,9,PROMO_TO,200.00
19054,10,PROMO_TO,150.00
1910,8,PROMO_TO,200.00
19452,8,PROMO_TO,700.00
19452,10,PROMO_TO,350.00
19564,9,PROMO_TO,150.00
1962,8,PROMO_TO,300.00
19674,8,PROMO_TO,150.00
1969,8,PROMO_TO,1500.00
1969,9,PROMO_TO,1500.00
1969,10,PROMO_TO,1500.00
19773,8,PROMO_TO,1350.00
19827,8,PROMO_TO,450.00
19995,8,PROMO_TO,200.00
19995,9,PROMO_TO,200.00
2001,8,PROMO_TO,350.00
2001,9,PROMO_TO,350.00
20142,8,PROMO_TO,350.00
2037,8,PROMO_TO,1100.00
2042,8,PROMO_TO,550.00
20510,9,PROMO_TO,700.00
20584,10,PROMO_TO,150.00
20602,9,PROMO_TO,200.00
20603,9,PROMO_TO,150.00
2064,8,PROMO_TO,550.00
20807,8,PROMO_TO,550.00
20807,10,PROMO_TO,550.00
20812,8,PROMO_TO,150.00
20872,8,PROMO_TO,200.00
21071,10,PROMO_TO,200.00
2114,8,PROMO_TO,350.00
2114,9,PROMO_TO,350.00
2114,10,PROMO_TO,350.00
21252,8,PROMO_TO,350.00
21252,9,PROMO_TO,350.00
21252,10,PROMO_TO,350.00
21731,8,PROMO_TO,150.00
21804,8,PROMO_TO,150.00
2189,8,PROMO_TO,200.00
2189,9,PROMO_TO,200.00
2191,8,PROMO_TO,200.00
2191,10,PROMO_TO,200.00
21929,8,PROMO_TO,300.00
21932,10,PROMO_TO,150.00
22034,9,PROMO_TO,350.00
22034,10,PROMO_TO,350.00
2208,8,PROMO_TO,200.00
2208,9,PROMO_TO,200.00
2208,10,PROMO_TO,200.00
2231,8,PROMO_TO,550.00
2231,9,PROMO_TO,1100.00
2233,9,PROMO_TO,200.00
2233,10,PROMO_TO,200.00
22379,8,PROMO_TO,200.00
22379,9,PROMO_TO,200.00
224,8,PROMO_TO,500.00
224,10,PROMO_TO,500.00
2259,10,PROMO_TO,450.00
2262,8,PROMO_TO,350.00
2262,9,PROMO_TO,350.00
2262,10,PROMO_TO,350.00
22755,8,PROMO_TO,400.00
2276,8,PROMO_TO,550.00
2276,9,PROMO_TO,550.00
2276,10,PROMO_TO,550.00
2283,10,PROMO_TO,1500.00
22830,8,PROMO_TO,400.00
22830,9,PROMO_TO,200.00
22830,10,PROMO_TO,200.00
2289,8,PROMO_TO,1100.00
2289,9,PROMO_TO,1100.00
23047,10,PROMO_TO,150.00
23095,8,PROMO_TO,150.00
231,8,PROMO_TO,450.00
231,9,PROMO_TO,300.00
231,10,PROMO_TO,300.00
23247,9,PROMO_TO,150.00
23512,9,PROMO_TO,400.00
23624,8,PROMO_TO,150.00
23624,9,PROMO_TO,450.00
23624,10,PROMO_TO,150.00
2366,8,PROMO_TO,350.00
2366,9,PROMO_TO,350.00
2366,10,PROMO_TO,350.00
2369,8,PROMO_TO,1100.00
2369,9,PROMO_TO,1100.00
2369,10,PROMO_TO,1100.00
2370,8,PROMO_TO,200.00
2370,9,PROMO_TO,200.00
23710,9,PROMO_TO,550.00
238,8,PROMO_TO,200.00
238,9,PROMO_TO,200.00
24,9,PROMO_TO,200.00
24,10,PROMO_TO,350.00
24070,8,PROMO_TO,1100.00
24070,9,PROMO_TO,550.00
24076,8,PROMO_TO,200.00
24076,9,PROMO_TO,200.00
241,8,PROMO_TO,200.00
241,9,PROMO_TO,200.00
241,10,PROMO_TO,350.00
2456,8,PROMO_TO,550.00
2456,9,PROMO_TO,1100.00
24655,10,PROMO_TO,150.00
24699,8,PROMO_TO,600.00
24699,9,PROMO_TO,600.00
24699,10,PROMO_TO,450.00
2477,9,PROMO_TO,550.00
2477,10,PROMO_TO,550.00
2481,8,PROMO_TO,700.00
2481,10,PROMO_TO,700.00
24919,9,PROMO_TO,600.00
24919,10,PROMO_TO,400.00
2492,8,PROMO_TO,550.00
25134,8,PROMO_TO,150.00
25381,8,PROMO_TO,200.00
2586,8,PROMO_TO,400.00
2586,9,PROMO_TO,200.00
2586,10,PROMO_TO,550.00
2587,8,PROMO_TO,1100.00
2587,9,PROMO_TO,1100.00
2587,10,PROMO_TO,1500.00
2591,8,PROMO_TO,2200.00
2591,9,PROMO_TO,1100.00
2591,10,PROMO_TO,1100.00
26031,9,PROMO_TO,200.00
26031,10,PROMO_TO,200.00
26081,10,PROMO_TO,200.00
26088,8,PROMO_TO,300.00
26109,10,PROMO_TO,150.00
26179,8,PROMO_TO,200.00
26179,9,PROMO_TO,400.00
26210,8,PROMO_TO,300.00
2629,9,PROMO_TO,400.00
2629,10,PROMO_TO,200.00
264,8,PROMO_TO,200.00
264,9,PROMO_TO,200.00
264,10,PROMO_TO,200.00
2644,8,PROMO_TO,200.00
2644,9,PROMO_TO,200.00
2644,10,PROMO_TO,550.00
26537,8,PROMO_TO,300.00
26537,9,PROMO_TO,150.00
2657,8,PROMO_TO,150.00
2657,9,PROMO_TO,600.00
2657,10,PROMO_TO,1550.00
26593,8,PROMO_TO,200.00
2661,8,PROMO_TO,1100.00
2661,9,PROMO_TO,1100.00
2661,10,PROMO_TO,1100.00
2687,8,PROMO_TO,550.00
2687,9,PROMO_TO,550.00
2687,10,PROMO_TO,550.00
26905,10,PROMO_TO,150.00
26957,8,PROMO_TO,200.00
2699,8,PROMO_TO,3000.00
2699,9,PROMO_TO,1500.00
2702,8,PROMO_TO,400.00
2702,9,PROMO_TO,600.00
2702,10,PROMO_TO,1500.00
2707,8,PROMO_TO,1500.00
2707,9,PROMO_TO,1500.00
2707,10,PROMO_TO,1500.00
2718,8,PROMO_TO,200.00
2718,9,PROMO_TO,200.00
2718,10,PROMO_TO,200.00
2743,9,PROMO_TO,200.00
2743,10,PROMO_TO,250.00
2750,8,PROMO_TO,550.00
2750,9,PROMO_TO,550.00
2777,8,PROMO_TO,150.00
2777,9,PROMO_TO,300.00
2777,10,PROMO_TO,350.00
2783,8,PROMO_TO,200.00
2783,9,PROMO_TO,200.00
2783,10,PROMO_TO,550.00
27872,8,PROMO_TO,200.00
27872,10,PROMO_TO,200.00
2808,10,PROMO_TO,150.00
2817,8,PROMO_TO,400.00
2817,9,PROMO_TO,200.00
28235,8,PROMO_TO,150.00
28252,8,PROMO_TO,300.00
28456,8,PROMO_TO,200.00
28456,9,PROMO_TO,200.00
28456,10,PROMO_TO,200.00
28499,9,PROMO_TO,350.00
28499,10,PROMO_TO,350.00
28531,8,PROMO_TO,1100.00
28531,9,PROMO_TO,550.00
28580,8,PROMO_TO,200.00
28620,8,PROMO_TO,550.00
28620,9,PROMO_TO,550.00
28817,8,PROMO_TO,600.00
28817,9,PROMO_TO,600.00
28817,10,PROMO_TO,150.00
28896,9,PROMO_TO,700.00
28900,9,PROMO_TO,200.00
28900,10,PROMO_TO,200.00
28916,8,PROMO_TO,550.00
28916,9,PROMO_TO,550.00
28916,10,PROMO_TO,550.00
2916,8,PROMO_TO,1100.00
2916,9,PROMO_TO,1100.00
2916,10,PROMO_TO,1100.00
2962,8,PROMO_TO,550.00
2962,9,PROMO_TO,550.00
2994,9,PROMO_TO,200.00
300,8,PROMO_TO,550.00
308,8,PROMO_TO,200.00
308,9,PROMO_TO,200.00
308,10,PROMO_TO,250.00
3109,9,PROMO_TO,200.00
3109,10,PROMO_TO,200.00
3140,8,PROMO_TO,200.00
3140,9,PROMO_TO,200.00
3140,10,PROMO_TO,200.00
3196,8,PROMO_TO,350.00
3196,9,PROMO_TO,700.00
3196,10,PROMO_TO,1100.00
3212,9,PROMO_TO,700.00
3228,8,PROMO_TO,350.00
3228,9,PROMO_TO,350.00
3228,10,PROMO_TO,350.00
3241,10,PROMO_TO,1100.00
3244,8,PROMO_TO,750.00
3244,9,PROMO_TO,300.00
3245,8,PROMO_TO,1100.00
3245,9,PROMO_TO,1100.00
3247,9,PROMO_TO,350.00
3250,9,PROMO_TO,550.00
3272,9,PROMO_TO,1100.00
3278,8,PROMO_TO,1000.00
3278,9,PROMO_TO,1200.00
3278,10,PROMO_TO,800.00
3279,8,PROMO_TO,200.00
3282,10,PROMO_TO,350.00
3295,8,PROMO_TO,150.00
3304,8,PROMO_TO,200.00
3304,9,PROMO_TO,200.00
3304,10,PROMO_TO,200.00
3311,8,PROMO_TO,200.00
3311,10,PROMO_TO,200.00
3344,8,PROMO_TO,350.00
3344,9,PROMO_TO,350.00
3344,10,PROMO_TO,350.00
3362,10,PROMO_TO,200.00
3419,8,PROMO_TO,350.00
3419,9,PROMO_TO,350.00
3419,10,PROMO_TO,1450.00
3432,8,PROMO_TO,600.00
3432,9,PROMO_TO,600.00
3432,10,PROMO_TO,200.00
3435,8,PROMO_TO,400.00
3435,9,PROMO_TO,200.00
3435,10,PROMO_TO,550.00
3485,10,PROMO_TO,350.00
350,10,PROMO_TO,250.00
3510,8,PROMO_TO,1100.00
3510,9,PROMO_TO,1100.00
3510,10,PROMO_TO,1100.00
3520,9,PROMO_TO,2200.00
3520,10,PROMO_TO,1100.00
3561,10,PROMO_TO,250.00
3567,8,PROMO_TO,350.00
3567,9,PROMO_TO,350.00
3607,10,PROMO_TO,350.00
3643,8,PROMO_TO,400.00
366,8,PROMO_TO,200.00
366,9,PROMO_TO,200.00
366,10,PROMO_TO,250.00
3661,8,PROMO_TO,550.00
3669,8,PROMO_TO,1100.00
3669,10,PROMO_TO,550.00
3673,8,PROMO_TO,350.00
3673,10,PROMO_TO,350.00
3714,10,PROMO_TO,550.00
3724,9,PROMO_TO,350.00
3739,8,PROMO_TO,350.00
3739,9,PROMO_TO,350.00
3739,10,PROMO_TO,350.00
3784,9,PROMO_TO,1100.00
379,8,PROMO_TO,350.00
379,9,PROMO_TO,350.00
379,10,PROMO_TO,350.00
3842,8,PROMO_TO,200.00
3842,9,PROMO_TO,200.00
3842,10,PROMO_TO,250.00
3874,9,PROMO_TO,200.00
3874,10,PROMO_TO,350.00
3899,10,PROMO_TO,250.00
39,8,PROMO_TO,200.00
39,9,PROMO_TO,200.00
3939,8,PROMO_TO,1500.00
3992,10,PROMO_TO,200.00
4034,8,PROMO_TO,1500.00
4034,9,PROMO_TO,1500.00
4083,10,PROMO_TO,1100.00
4092,8,PROMO_TO,550.00
4092,9,PROMO_TO,550.00
4092,10,PROMO_TO,550.00
4117,8,PROMO_TO,700.00
4117,9,PROMO_TO,350.00
4117,10,PROMO_TO,700.00
413,8,PROMO_TO,550.00
413,9,PROMO_TO,550.00
4152,8,PROMO_TO,600.00
4152,9,PROMO_TO,400.00
4178,10,PROMO_TO,350.00
4187,9,PROMO_TO,1100.00
4206,8,PROMO_TO,550.00
4206,9,PROMO_TO,550.00
4206,10,PROMO_TO,550.00
4234,8,PROMO_TO,350.00
4234,9,PROMO_TO,350.00
4279,8,PROMO_TO,350.00
4279,10,PROMO_TO,350.00
428,8,PROMO_TO,1100.00
428,9,PROMO_TO,1100.00
428,10,PROMO_TO,1100.00
4301,10,PROMO_TO,250.00
4339,9,PROMO_TO,1100.00
4339,10,PROMO_TO,1100.00
4383,8,PROMO_TO,350.00
4383,9,PROMO_TO,350.00
4383,10,PROMO_TO,350.00
4463,8,PROMO_TO,350.00
4463,9,PROMO_TO,350.00
4468,8,PROMO_TO,250.00
4471,8,PROMO_TO,350.00
4471,9,PROMO_TO,350.00
4476,8,PROMO_TO,200.00
4498,8,PROMO_TO,800.00
4498,9,PROMO_TO,2400.00
4498,10,PROMO_TO,400.00
4528,8,PROMO_TO,550.00
4528,9,PROMO_TO,550.00
4528,10,PROMO_TO,550.00
4550,8,PROMO_TO,1500.00
4553,8,PROMO_TO,550.00
4553,9,PROMO_TO,550.00
4587,8,PROMO_TO,1100.00
4587,9,PROMO_TO,2200.00
4587,10,PROMO_TO,1100.00
4614,8,PROMO_TO,200.00
4626,8,PROMO_TO,1500.00
4654,10,PROMO_TO,550.00
4702,8,PROMO_TO,350.00
4705,8,PROMO_TO,550.00
4705,9,PROMO_TO,1100.00
4705,10,PROMO_TO,1500.00
4731,8,PROMO_TO,350.00
4772,8,PROMO_TO,1100.00
4772,9,PROMO_TO,1100.00
4772,10,PROMO_TO,1500.00
4778,10,PROMO_TO,150.00
4793,8,PROMO_TO,200.00
4793,9,PROMO_TO,400.00
4793,10,PROMO_TO,400.00
4798,8,PROMO_TO,550.00
4809,8,PROMO_TO,550.00
4809,9,PROMO_TO,550.00
4841,9,PROMO_TO,350.00
4850,9,PROMO_TO,200.00
4850,10,PROMO_TO,200.00
4873,9,PROMO_TO,200.00
4873,10,PROMO_TO,200.00
4874,8,PROMO_TO,550.00
4874,9,PROMO_TO,550.00
4967,8,PROMO_TO,1100.00
4967,9,PROMO_TO,1100.00
4985,8,PROMO_TO,1000.00
4985,9,PROMO_TO,1250.00
4985,10,PROMO_TO,750.00
4997,8,PROMO_TO,3300.00
4997,9,PROMO_TO,1650.00
4997,10,PROMO_TO,1350.00
5027,8,PROMO_TO,250.00
5033,10,PROMO_TO,250.00
5081,8,PROMO_TO,1100.00
5081,9,PROMO_TO,1100.00
5116,8,PROMO_TO,400.00
5116,9,PROMO_TO,200.00
5116,10,PROMO_TO,200.00
512,10,PROMO_TO,150.00
5125,8,PROMO_TO,200.00
5125,9,PROMO_TO,400.00
518,10,PROMO_TO,350.00
5213,10,PROMO_TO,250.00
5217,8,PROMO_TO,200.00
5217,9,PROMO_TO,200.00
5217,10,PROMO_TO,200.00
5218,8,PROMO_TO,1100.00
5218,10,PROMO_TO,1100.00
5233,8,PROMO_TO,200.00
5233,9,PROMO_TO,200.00
5233,10,PROMO_TO,200.00
5245,8,PROMO_TO,600.00
5245,9,PROMO_TO,200.00
5245,10,PROMO_TO,200.00
5250,10,PROMO_TO,200.00
5253,8,PROMO_TO,300.00
5253,9,PROMO_TO,300.00
5253,10,PROMO_TO,300.00
5255,9,PROMO_TO,200.00
5275,10,PROMO_TO,400.00
5282,9,PROMO_TO,350.00
5282,10,PROMO_TO,550.00
5284,10,PROMO_TO,150.00
5313,8,PROMO_TO,1100.00
5313,10,PROMO_TO,2200.00
5331,8,PROMO_TO,450.00
5331,9,PROMO_TO,750.00
5331,10,PROMO_TO,1550.00
5334,8,PROMO_TO,550.00
5334,9,PROMO_TO,550.00
5334,10,PROMO_TO,550.00
5338,8,PROMO_TO,550.00
5338,9,PROMO_TO,550.00
5338,10,PROMO_TO,550.00
5355,9,PROMO_TO,350.00
5385,10,PROMO_TO,300.00
5402,9,PROMO_TO,150.00
5403,8,PROMO_TO,150.00
5449,8,PROMO_TO,200.00
5449,9,PROMO_TO,200.00
5449,10,PROMO_TO,550.00
5450,9,PROMO_TO,350.00
5450,10,PROMO_TO,350.00
5473,8,PROMO_TO,350.00
5473,9,PROMO_TO,350.00
5473,10,PROMO_TO,550.00
5481,8,PROMO_TO,350.00
5481,9,PROMO_TO,350.00
5481,10,PROMO_TO,350.00
551,10,PROMO_TO,2200.00
5525,10,PROMO_TO,250.00
5534,10,PROMO_TO,200.00
5583,10,PROMO_TO,1100.00
5596,8,PROMO_TO,1100.00
5596,9,PROMO_TO,1100.00
5596,10,PROMO_TO,1100.00
5729,8,PROMO_TO,400.00
5729,9,PROMO_TO,400.00
5732,8,PROMO_TO,200.00
5732,9,PROMO_TO,200.00
5732,10,PROMO_TO,250.00
5748,9,PROMO_TO,350.00
5748,10,PROMO_TO,350.00
5773,8,PROMO_TO,1100.00
5773,9,PROMO_TO,1100.00
5773,10,PROMO_TO,250.00
5843,8,PROMO_TO,200.00
5843,9,PROMO_TO,200.00
5843,10,PROMO_TO,200.00
5848,8,PROMO_TO,550.00
5848,9,PROMO_TO,550.00
5873,8,PROMO_TO,350.00
5873,9,PROMO_TO,350.00
5889,8,PROMO_TO,350.00
5889,9,PROMO_TO,700.00
5889,10,PROMO_TO,1100.00
5899,8,PROMO_TO,350.00
5899,9,PROMO_TO,350.00
5899,10,PROMO_TO,700.00
59,8,PROMO_TO,200.00
5913,8,PROMO_TO,1100.00
5913,9,PROMO_TO,1100.00
5913,10,PROMO_TO,1100.00
5930,8,PROMO_TO,700.00
5930,9,PROMO_TO,350.00
5930,10,PROMO_TO,350.00
5932,8,PROMO_TO,1100.00
5932,9,PROMO_TO,550.00
5943,10,PROMO_TO,350.00
5976,9,PROMO_TO,750.00
5976,10,PROMO_TO,750.00
5998,9,PROMO_TO,1100.00
5998,10,PROMO_TO,1100.00
6013,10,PROMO_TO,250.00
6061,8,PROMO_TO,250.00
6061,9,PROMO_TO,500.00
6061,10,PROMO_TO,250.00
6081,8,PROMO_TO,200.00
6081,10,PROMO_TO,200.00
6150,9,PROMO_TO,1100.00
6175,9,PROMO_TO,550.00
6191,8,PROMO_TO,200.00
6191,9,PROMO_TO,400.00
6285,9,PROMO_TO,1100.00
6285,10,PROMO_TO,1100.00
6306,8,PROMO_TO,550.00
6306,9,PROMO_TO,550.00
6306,10,PROMO_TO,550.00
6340,8,PROMO_TO,1100.00
6340,9,PROMO_TO,1100.00
6340,10,PROMO_TO,1100.00
6349,8,PROMO_TO,550.00
6360,9,PROMO_TO,200.00
6360,10,PROMO_TO,200.00
6416,8,PROMO_TO,200.00
6419,8,PROMO_TO,550.00
6419,9,PROMO_TO,550.00
6419,10,PROMO_TO,550.00
6475,8,PROMO_TO,550.00
6475,9,PROMO_TO,550.00
6499,8,PROMO_TO,200.00
6499,9,PROMO_TO,200.00
6499,10,PROMO_TO,200.00
6516,8,PROMO_TO,200.00
6516,9,PROMO_TO,200.00
6516,10,PROMO_TO,200.00
6525,8,PROMO_TO,350.00
6525,9,PROMO_TO,350.00
6525,10,PROMO_TO,350.00
6529,8,PROMO_TO,200.00
6529,9,PROMO_TO,200.00
6529,10,PROMO_TO,200.00
6539,8,PROMO_TO,200.00
6539,9,PROMO_TO,200.00
6539,10,PROMO_TO,200.00
655,8,PROMO_TO,200.00
655,9,PROMO_TO,200.00
6589,9,PROMO_TO,700.00
6603,10,PROMO_TO,250.00
6653,8,PROMO_TO,350.00
6653,9,PROMO_TO,700.00
6653,10,PROMO_TO,350.00
6656,8,PROMO_TO,200.00
6656,9,PROMO_TO,200.00
6690,10,PROMO_TO,200.00
6711,8,PROMO_TO,200.00
6711,9,PROMO_TO,200.00
6721,8,PROMO_TO,500.00
6729,8,PROMO_TO,550.00
6729,9,PROMO_TO,550.00
6729,10,PROMO_TO,550.00
6744,8,PROMO_TO,1500.00
6744,9,PROMO_TO,1500.00
6744,10,PROMO_TO,250.00
677,10,PROMO_TO,350.00
6781,8,PROMO_TO,550.00
6781,9,PROMO_TO,550.00
6781,10,PROMO_TO,550.00
679,10,PROMO_TO,250.00
6815,8,PROMO_TO,350.00
6815,9,PROMO_TO,350.00
6815,10,PROMO_TO,350.00
6826,8,PROMO_TO,550.00
6826,9,PROMO_TO,550.00
6826,10,PROMO_TO,550.00
6827,8,PROMO_TO,700.00
6827,9,PROMO_TO,350.00
6827,10,PROMO_TO,1450.00
6846,8,PROMO_TO,300.00
6846,9,PROMO_TO,450.00
6846,10,PROMO_TO,850.00
6850,8,PROMO_TO,600.00
687,8,PROMO_TO,200.00
687,9,PROMO_TO,200.00
687,10,PROMO_TO,200.00
6914,8,PROMO_TO,1100.00
6914,9,PROMO_TO,1100.00
6914,10,PROMO_TO,1100.00
6924,8,PROMO_TO,1100.00
6924,9,PROMO_TO,1100.00
7000,8,PROMO_TO,200.00
7000,9,PROMO_TO,400.00
7000,10,PROMO_TO,1100.00
7003,8,PROMO_TO,200.00
7007,10,PROMO_TO,550.00
7041,8,PROMO_TO,550.00
7059,8,PROMO_TO,550.00
7095,8,PROMO_TO,550.00
7095,9,PROMO_TO,550.00
7098,8,PROMO_TO,350.00
7098,10,PROMO_TO,350.00
7118,8,PROMO_TO,6000.00
7118,9,PROMO_TO,4800.00
7118,10,PROMO_TO,4000.00
7141,10,PROMO_TO,250.00
7144,8,PROMO_TO,150.00
7163,8,PROMO_TO,400.00
7163,9,PROMO_TO,600.00
7163,10,PROMO_TO,400.00
7178,8,PROMO_TO,200.00
7178,9,PROMO_TO,200.00
7178,10,PROMO_TO,200.00
7199,8,PROMO_TO,200.00
7199,9,PROMO_TO,200.00
7199,10,PROMO_TO,550.00
7205,8,PROMO_TO,350.00
7205,9,PROMO_TO,350.00
7205,10,PROMO_TO,550.00
7280,8,PROMO_TO,1500.00
7280,9,PROMO_TO,1500.00
7280,10,PROMO_TO,1500.00
7289,8,PROMO_TO,1500.00
7289,9,PROMO_TO,1500.00
7289,10,PROMO_TO,250.00
7313,8,PROMO_TO,1500.00
7313,9,PROMO_TO,3000.00
7325,8,PROMO_TO,1500.00
733,8,PROMO_TO,1100.00
733,9,PROMO_TO,1100.00
733,10,PROMO_TO,1500.00
7352,8,PROMO_TO,300.00
7352,9,PROMO_TO,450.00
7352,10,PROMO_TO,300.00
7359,8,PROMO_TO,200.00
7359,9,PROMO_TO,200.00
7359,10,PROMO_TO,200.00
7371,8,PROMO_TO,1500.00
7371,9,PROMO_TO,1500.00
7371,10,PROMO_TO,1500.00
7397,8,PROMO_TO,550.00
7397,9,PROMO_TO,550.00
7397,10,PROMO_TO,550.00
7404,9,PROMO_TO,1100.00
7436,8,PROMO_TO,1000.00
7436,9,PROMO_TO,1000.00
7436,10,PROMO_TO,500.00
7466,8,PROMO_TO,350.00
7466,10,PROMO_TO,350.00
7476,10,PROMO_TO,350.00
7496,8,PROMO_TO,550.00
7496,9,PROMO_TO,550.00
7496,10,PROMO_TO,550.00
7544,8,PROMO_TO,550.00
7544,10,PROMO_TO,550.00
7562,10,PROMO_TO,350.00
7570,8,PROMO_TO,550.00
7570,9,PROMO_TO,550.00
7570,10,PROMO_TO,550.00
7591,10,PROMO_TO,350.00
7597,8,PROMO_TO,300.00
7655,9,PROMO_TO,200.00
7655,10,PROMO_TO,200.00
7677,8,PROMO_TO,200.00
7745,9,PROMO_TO,350.00
7797,9,PROMO_TO,800.00
7801,8,PROMO_TO,350.00
7801,9,PROMO_TO,350.00
7801,10,PROMO_TO,350.00
7842,9,PROMO_TO,200.00
7842,10,PROMO_TO,250.00
7843,8,PROMO_TO,150.00
7843,9,PROMO_TO,150.00
7843,10,PROMO_TO,650.00
7860,8,PROMO_TO,750.00
7860,10,PROMO_TO,900.00
7896,8,PROMO_TO,550.00
7896,9,PROMO_TO,550.00
7896,10,PROMO_TO,550.00
7910,8,PROMO_TO,200.00
7910,9,PROMO_TO,400.00
7912,8,PROMO_TO,700.00
7912,9,PROMO_TO,350.00
7912,10,PROMO_TO,350.00
7917,8,PROMO_TO,350.00
7917,9,PROMO_TO,350.00
7917,10,PROMO_TO,350.00
7958,8,PROMO_TO,350.00
7958,9,PROMO_TO,350.00
7958,10,PROMO_TO,350.00
7992,8,PROMO_TO,550.00
7992,9,PROMO_TO,550.00
805,9,PROMO_TO,550.00
8079,9,PROMO_TO,150.00
8104,8,PROMO_TO,1500.00
8104,9,PROMO_TO,1500.00
8114,10,PROMO_TO,350.00
8122,8,PROMO_TO,200.00
8122,9,PROMO_TO,400.00
8137,9,PROMO_TO,550.00
8137,10,PROMO_TO,1100.00
8158,10,PROMO_TO,200.00
8198,8,PROMO_TO,350.00
8198,9,PROMO_TO,350.00
8229,8,PROMO_TO,1100.00
8295,8,PROMO_TO,150.00
8295,10,PROMO_TO,500.00
8328,8,PROMO_TO,200.00
8328,9,PROMO_TO,200.00
8346,10,PROMO_TO,550.00
8351,10,PROMO_TO,550.00
8373,10,PROMO_TO,1100.00
8390,8,PROMO_TO,550.00
8424,9,PROMO_TO,350.00
8449,8,PROMO_TO,350.00
8449,9,PROMO_TO,350.00
8449,10,PROMO_TO,900.00
8468,8,PROMO_TO,350.00
8468,9,PROMO_TO,350.00
8538,8,PROMO_TO,350.00
8538,9,PROMO_TO,350.00
8538,10,PROMO_TO,350.00
8548,8,PROMO_TO,200.00
8548,9,PROMO_TO,400.00
8548,10,PROMO_TO,750.00
8553,8,PROMO_TO,1100.00
8553,9,PROMO_TO,1100.00
8554,10,PROMO_TO,150.00
8560,8,PROMO_TO,350.00
8560,9,PROMO_TO,350.00
8560,10,PROMO_TO,350.00
8567,8,PROMO_TO,400.00
8581,8,PROMO_TO,550.00
8581,9,PROMO_TO,1100.00
8581,10,PROMO_TO,550.00
8582,10,PROMO_TO,350.00
8584,8,PROMO_TO,550.00
8584,9,PROMO_TO,550.00
8584,10,PROMO_TO,1100.00
8597,8,PROMO_TO,550.00
8597,9,PROMO_TO,550.00
8597,10,PROMO_TO,550.00
8612,8,PROMO_TO,550.00
8639,8,PROMO_TO,550.00
8639,9,PROMO_TO,550.00
8639,10,PROMO_TO,550.00
8644,9,PROMO_TO,200.00
8644,10,PROMO_TO,250.00
8657,8,PROMO_TO,550.00
8657,9,PROMO_TO,550.00
8657,10,PROMO_TO,550.00
8662,9,PROMO_TO,200.00
8662,10,PROMO_TO,250.00
8675,8,PROMO_TO,1100.00
8675,9,PROMO_TO,1100.00
8675,10,PROMO_TO,1100.00
8686,8,PROMO_TO,700.00
8686,9,PROMO_TO,350.00
8686,10,PROMO_TO,350.00
8744,10,PROMO_TO,250.00
8748,8,PROMO_TO,200.00
8748,9,PROMO_TO,200.00
8748,10,PROMO_TO,200.00
8772,8,PROMO_TO,350.00
8772,9,PROMO_TO,350.00
8772,10,PROMO_TO,350.00
8798,8,PROMO_TO,200.00
8798,9,PROMO_TO,200.00
8798,10,PROMO_TO,200.00
8813,8,PROMO_TO,200.00
8813,9,PROMO_TO,200.00
8813,10,PROMO_TO,200.00
8845,8,PROMO_TO,1100.00
8845,9,PROMO_TO,1100.00
8845,10,PROMO_TO,1100.00
8872,9,PROMO_TO,350.00
8872,10,PROMO_TO,350.00
8896,8,PROMO_TO,500.00
8896,9,PROMO_TO,500.00
8896,10,PROMO_TO,1100.00
8910,8,PROMO_TO,1100.00
8920,10,PROMO_TO,200.00
8924,8,PROMO_TO,2200.00
8924,9,PROMO_TO,1100.00
8937,9,PROMO_TO,1100.00
8952,9,PROMO_TO,400.00
8966,8,PROMO_TO,350.00
8966,9,PROMO_TO,350.00
8995,9,PROMO_TO,350.00
90,8,PROMO_TO,200.00
90,9,PROMO_TO,400.00
90,10,PROMO_TO,200.00
9012,8,PROMO_TO,200.00
9012,9,PROMO_TO,200.00
9012,10,PROMO_TO,250.00
9029,8,PROMO_TO,200.00
9045,10,PROMO_TO,550.00
9080,8,PROMO_TO,350.00
9128,8,PROMO_TO,600.00
913,10,PROMO_TO,350.00
921,8,PROMO_TO,700.00
921,9,PROMO_TO,350.00
921,10,PROMO_TO,350.00
9255,8,PROMO_TO,200.00
9255,9,PROMO_TO,200.00
93,8,PROMO_TO,200.00
93,9,PROMO_TO,200.00
9329,8,PROMO_TO,200.00
9334,8,PROMO_TO,150.00
9393,8,PROMO_TO,200.00
9393,9,PROMO_TO,200.00
9393,10,PROMO_TO,350.00
9430,8,PROMO_TO,200.00
9430,9,PROMO_TO,200.00
9450,8,PROMO_TO,200.00
9450,9,PROMO_TO,200.00
9453,8,PROMO_TO,150.00
9485,8,PROMO_TO,250.00
9485,9,PROMO_TO,1000.00
9555,8,PROMO_TO,350.00
9555,9,PROMO_TO,350.00
9555,10,PROMO_TO,350.00
9579,8,PROMO_TO,350.00
9592,8,PROMO_TO,1000.00
9592,9,PROMO_TO,400.00
9592,10,PROMO_TO,400.00
9595,8,PROMO_TO,350.00
9595,9,PROMO_TO,350.00
9595,10,PROMO_TO,350.00
9605,8,PROMO_TO,200.00
9605,10,PROMO_TO,200.00
9655,8,PROMO_TO,550.00
9655,9,PROMO_TO,550.00
9655,10,PROMO_TO,550.00
9663,8,PROMO_TO,1100.00
9663,9,PROMO_TO,2200.00
9664,8,PROMO_TO,550.00
9664,9,PROMO_TO,550.00
9751,8,PROMO_TO,1100.00
9751,9,PROMO_TO,1100.00
9759,10,PROMO_TO,1100.00
9827,8,PROMO_TO,1100.00
9827,9,PROMO_TO,1100.00
9827,10,PROMO_TO,1100.00
9842,8,PROMO_TO,1100.00
9842,9,PROMO_TO,1100.00
9861,10,PROMO_TO,200.00
9952,9,PROMO_TO,550.00
9952,10,PROMO_TO,550.00
9962,8,PROMO_TO,200.00
9962,9,PROMO_TO,200.00
9967,8,PROMO_TO,350.00
9967,9,PROMO_TO,350.00
9967,10,PROMO_TO,350.00
9969,8,PROMO_TO,550.00
9969,10,PROMO_TO,550.00
9975,9,PROMO_TO,400.00
9975,10,PROMO_TO,200.00
